user_id,game,hours
151603712,The Elder Scrolls V Skyrim,273
151603712,Fallout 4,87
151603712,Spore,14.9
151603712,Fallout New Vegas,12.1
151603712,Left 4 Dead 2,8.9
151603712,HuniePop,8.5
151603712,Path of Exile,8.1
151603712,Poly Bridge,7.5
151603712,Left 4 Dead,3.3
151603712,Team Fortress 2,2.8
151603712,Tomb Raider,2.5
151603712,The Banner Saga,2
151603712,Dead Island Epidemic,1.4
151603712,BioShock Infinite,1.3
151603712,Dragon Age Origins - Ultimate Edition,1.3
151603712,Fallout 3 - Game of the Year Edition,0.8
151603712,SEGA Genesis & Mega Drive Classics,0.8
151603712,Grand Theft Auto IV,0.6
151603712,Realm of the Mad God,0.5
151603712,Marvel Heroes 2015,0.5
151603712,Eldevin,0.5
151603712,Dota 2,0.5
151603712,BioShock,0.5
151603712,Robocraft,0.4
151603712,Garry's Mod,0.1
151603712,Jazzpunk,0.1
187131847,Dota 2,2.3
59945701,Ultra Street Fighter IV,238
59945701,FINAL FANTASY XIII,84
59945701,The Elder Scrolls V Skyrim,58
59945701,Sid Meier's Civilization V,22
59945701,L.A. Noire,13.8
59945701,Company of Heroes Tales of Valor,10.2
59945701,7 Days to Die,7.8
59945701,Divekick,7
59945701,FINAL FANTASY VII,5.2
59945701,Orcs Must Die! 2,4.8
59945701,Killing Floor,3.4
59945701,Company of Heroes,3.2
59945701,Bastion,2.8
59945701,Undertale,2.6
59945701,Counter-Strike Global Offensive,2.3
59945701,Orcs Must Die!,0.7
59945701,THE KING OF FIGHTERS XIII STEAM EDITION,0.6
59945701,GUILTY GEAR XX ACCENT CORE PLUS R,0.5
59945701,Skullgirls,0.4
59945701,Assassin's Creed II,0.3
59945701,Company of Heroes Opposing Fronts,0.1
59945701,Team Fortress 2,0.1
53875128,Grand Theft Auto V,86
53875128,Insurgency,72
53875128,Left 4 Dead 2,71
53875128,METAL GEAR SOLID V THE PHANTOM PAIN,59
53875128,S.T.A.L.K.E.R. Shadow of Chernobyl,54
53875128,S.T.A.L.K.E.R. Call of Pripyat,50
53875128,Saints Row The Third,35
53875128,Far Cry 3,35
53875128,S.T.A.L.K.E.R. Clear Sky,35
53875128,Rocket League,34
53875128,Assassin's Creed II,33
53875128,Far Cry 4,32
53875128,Prototype,25
53875128,Space Pirates and Zombies,24
53875128,Dying Light,23
53875128,Just Cause 2,23
53875128,Mirror's Edge,23
53875128,Mad Max,22
53875128,Portal 2,21
53875128,Deus Ex Human Revolution,21
53875128,Middle-earth Shadow of Mordor,19.6
53875128,RUNNING WITH RIFLES,18.5
53875128,Deus Ex Human Revolution - Director's Cut,18.3
53875128,Batman Arkham City GOTY,16.9
53875128,Tropico 4,14.3
53875128,Cave Story+,13.7
53875128,Dust An Elysian Tail,13.4
53875128,F.E.A.R.,12.5
53875128,South Park The Stick of Truth,12.2
53875128,Sleeping Dogs,11.5
53875128,Watch_Dogs,11.2
53875128,Saints Row IV,11.1
53875128,DayZ,11
53875128,Half-Life 2,10.2
53875128,Reassembly,10.1
53875128,Sid Meier's Civilization III Complete,9.8
53875128,The Talos Principle,9.8
53875128,DiRT 3,9.7
53875128,FTL Faster Than Light,9.7
53875128,Bastion,9.6
53875128,Age of Empires II HD Edition,9
53875128,Batman Arkham Asylum GOTY Edition,8.9
53875128,Gunpoint,8.6
53875128,Rebuild 3 Gangs of Deadsville,8.4
53875128,Recettear An Item Shop's Tale,8.3
53875128,Metro 2033,7.8
53875128,Monaco,7.6
53875128,Fallout New Vegas,7.5
53875128,Overgrowth,7.3
53875128,Assassin's Creed III,7.2
53875128,Ori and the Blind Forest,7
53875128,Far Cry 3 Blood Dragon,6.7
53875128,Burnout Paradise The Ultimate Box,6.6
53875128,PROTOTYPE 2,6.4
53875128,Game Dev Tycoon,6.4
53875128,Sniper Elite 3,6.2
53875128,Gratuitous Space Battles,6
53875128,Sid Meier's Civilization V,5.9
53875128,Rogue Legacy,5.7
53875128,Plague Inc Evolved,5.6
53875128,From Dust,5.6
53875128,Next Car Game Wreckfest,5.5
53875128,Rivals of Aether,5.5
53875128,Half-Life 2 Episode Two,5.5
53875128,Rise of Nations Extended Edition,5.2
53875128,Nidhogg,4.9
53875128,Spec Ops The Line,4.4
53875128,Dishonored,4.3
53875128,Half-Life 2 Episode One,4.2
53875128,Wolfenstein The New Order,4
53875128,Distance,4
53875128,Epic Battle Fantasy 4,4
53875128,Metro Last Light,3.7
53875128,Miasmata,3.4
53875128,Dead Space,3.3
53875128,Hotline Miami,3.2
53875128,NOT A HERO,3
53875128,Receiver,2.9
53875128,Crypt of the NecroDancer,2.8
53875128,Portal,2.8
53875128,F.E.A.R. 2 Project Origin,2.8
53875128,NaissanceE,2.7
53875128,SteamWorld Dig,2.6
53875128,Kairo,2.5
53875128,SNOW,2.5
53875128,The Binding of Isaac,2.4
53875128,LEGO The Lord of the Rings,2.2
53875128,METAL GEAR RISING REVENGEANCE,2.2
53875128,Starpoint Gemini 2,2
53875128,The Vanishing of Ethan Carter,1.9
53875128,Goat Simulator,1.9
53875128,Mass Effect,1.9
53875128,Arma 2 Operation Arrowhead,1.8
53875128,METAL GEAR SOLID V GROUND ZEROES,1.8
53875128,Banished,1.8
53875128,DiRT Showdown,1.7
53875128,Left 4 Dead,1.7
53875128,Sonic Adventure 2 ,1.6
53875128,Grand Theft Auto IV,1.5
53875128,Battlestations Midway,1.4
53875128,HOARD,1.4
53875128,Sunless Sea,1.3
53875128,Mark of the Ninja,1.3
53875128,L.A. Noire,1.3
53875128,Creeper World 3 Arc Eternal,1.1
53875128,Turbo Dismount,1.1
53875128,Floating Point,1.1
53875128,Grow Home,1.1
53875128,LUFTRAUSERS,1
53875128,Arma 2,1
53875128,No Time To Explain Remastered,0.9
53875128,FEZ,0.9
53875128,Delver,0.9
53875128,The Legend of Heroes Trails in the Sky,0.9
53875128,Evoland,0.9
53875128,Bleed,0.8
53875128,Borderlands 2,0.8
53875128,Race The Sun,0.8
53875128,Shadowgrounds,0.8
53875128,They Bleed Pixels,0.8
53875128,BioShock,0.8
53875128,Trine,0.8
53875128,"Sir, You Are Being Hunted",0.8
53875128,Next Car Game Sneak Peek 2.0,0.7
53875128,Symphony,0.7
53875128,DLC Quest,0.7
53875128,Far Cry 2,0.7
53875128,The Stanley Parable,0.6
53875128,Freedom Planet,0.6
53875128,KHOLAT,0.6
53875128,Osmos,0.6
53875128,Secrets of Rtikon,0.6
53875128,Oil Rush,0.6
53875128,Unepic,0.6
53875128,FINAL FANTASY VII,0.6
53875128,The Legend of Korra,0.5
53875128,404Sight,0.5
53875128,Dark Souls Prepare to Die Edition,0.5
53875128,Gravity Ghost,0.5
53875128,Psychonauts,0.5
53875128,Rock of Ages,0.5
53875128,Spore,0.5
53875128,Half-Life 2 Lost Coast,0.5
53875128,Galcon Legends,0.5
53875128,Air Brawl,0.5
53875128,Cat Goes Fishing,0.5
53875128,One Finger Death Punch,0.5
53875128,Mind Path to Thalamus Enhanced Edition,0.4
53875128,INK,0.4
53875128,Intrusion 2,0.4
53875128,Amnesia The Dark Descent,0.4
53875128,Fieldrunners,0.4
53875128,Out There Somewhere,0.4
53875128,KAMI,0.4
53875128,Lone Survivor The Director's Cut,0.4
53875128,NightSky,0.4
53875128,Frozen Synapse,0.4
53875128,Hammerfight,0.4
53875128,Spintires,0.4
53875128,Ziggurat,0.4
53875128,AaaaaAAaaaAAAaaAAAAaAAAAA!!! for the Awesome,0.4
53875128,Dead Island,0.3
53875128,Superbrothers Sword & Sworcery EP,0.3
53875128,GRID 2,0.3
53875128,Sonic & All-Stars Racing Transformed,0.3
53875128,Call of Juarez Gunslinger,0.3
53875128,Crysis 2 Maximum Edition,0.3
53875128,Strike Vector,0.3
53875128,Prison Architect,0.3
53875128,Lego Harry Potter,0.3
53875128,Outlast,0.3
53875128,Super Hexagon,0.2
53875128,WRC 4 FIA WORLD RALLY CHAMPIONSHIP,0.2
53875128,Valkyria Chronicles,0.2
53875128,Shatter,0.2
53875128,Proteus,0.2
53875128,Jamestown,0.2
53875128,Spelunky,0.2
53875128,Astebreed,0.2
53875128,STAR WARS Knights of the Old Republic II The Sith Lords,0.2
53875128,Phantom Breaker Battle Grounds,0.2
53875128,Tom Clancy's Splinter Cell Chaos Theory,0.2
53875128,The Witcher Enhanced Edition,0.2
53875128,Risk of Rain,0.2
53875128,Survarium,0.2
53875128,Afterlife Empire,0.2
53875128,BattleBlock Theater,0.2
53875128,Need for Speed Hot Pursuit,0.2
53875128,BIT.TRIP RUNNER,0.1
53875128,Coin Crypt,0.1
53875128,Skullgirls,0.1
53875128,The Crew,0.1
53875128,Metro Last Light Redux,0.1
53875128,Crimzon Clover  WORLD IGNITION,0.1
53875128,Sonic Generations,0.1
53875128,Ethan Meteor Hunter,0.1
53875128,Reus,0.1
140954425,Team Fortress 2,13
26122540,Call of Duty Modern Warfare 2 - Multiplayer,92
26122540,Call of Duty Modern Warfare 2,47
26122540,Call of Duty Black Ops - Multiplayer,22
26122540,Counter-Strike Source,10.3
26122540,Dungeon Defenders,6.8
26122540,Call of Duty Black Ops,3.1
26122540,Day of Defeat Source,1.1
176410694,Dota 2,9.1
197278511,Dota 2,0.5
150128162,Team Fortress 2,42
197455089,Dota 2,3.4
63024728,Empire Total War,42
297811211,ARK Survival Evolved,29
297811211,Team Fortress 2,10.1
297811211,Unturned,5.6
76933274,Alien Swarm,1
218323237,Dota 2,14.8
218323237,Tomb Raider,8.8
218323237,TERA,0.9
302186258,Dota 2,4.2
126340495,Dota 2,1784
126340495,Counter-Strike Global Offensive,626
126340495,Counter-Strike Source,176
126340495,Rust,69
126340495,Saints Row IV,48
126340495,Team Fortress 2,16.1
126340495,Dead Island Riptide,13.6
126340495,Flatout 3,11.7
126340495,Garry's Mod,10.2
126340495,Counter-Strike Nexon Zombies,5.8
126340495,Outlast,4.1
126340495,Robocraft,2.3
126340495,Far Cry 3,2.2
126340495,Everlasting Summer,0.6
126340495,Dead Island Epidemic,0.6
126340495,War Thunder,0.4
126340495,DCS World,0.3
194895541,Dota 2,1.1
194895541,Tactical Intervention,0.4
170625356,Dota 2,7.4
167362888,Dota 2,135
208649703,Counter-Strike Global Offensive,125
225987202,Dota 2,3.8
195071563,Dota 2,6.2
254906420,Team Fortress 2,1.2
247160953,Dota 2,1.9
308653033,Unturned,0.6
144138643,Dota 2,5.2
97298878,Medal of Honor(TM) Multiplayer,44
97298878,Max Payne 2 The Fall of Max Payne,32
97298878,Middle-earth Shadow of Mordor,26
97298878,Mafia II,15.9
97298878,Nosgoth,15.8
97298878,Race The Sun,10.5
97298878,Space Pirates and Zombies,9.5
97298878,Revenge of the Titans,9.2
97298878,Team Fortress 2,9
97298878,Dota 2,8.6
97298878,A Virus Named TOM,8.3
97298878,Europa Universalis III,8.3
97298878,Awesomenauts,8.2
97298878,Super Puzzle Platformer Deluxe,5.9
97298878,Super Meat Boy,4.7
97298878,LIMBO,1.3
97298878,Mark of the Ninja,0.9
97298878,Burnout Paradise The Ultimate Box,0.6
97298878,Mirror's Edge,0.5
97298878,Crysis 2 Maximum Edition,0.5
97298878,Painkiller Overdose,0.4
97298878,Cogs,0.2
97298878,Crayon Physics Deluxe,0.2
97298878,Osmos,0.1
173909336,America's Army Proving Grounds,1118
173909336,Tom Clancy's Ghost Recon Phantoms - NA,17.2
173909336,APB Reloaded,5.9
198572546,Dota 2,12.7
219509107,Dota 2,2.1
202906503,Dota 2,10.4
92107940,The Elder Scrolls V Skyrim,110
92107940,7 Days to Die,99
92107940,Garry's Mod,40
92107940,Far Cry 3 Blood Dragon,30
92107940,ORION Prelude,10
92107940,Hotline Miami,8.4
92107940,Goat Simulator,1.9
92107940,Hotline Miami 2 Wrong Number,0.8
92107940,Amnesia A Machine for Pigs,0.5
251431515,Dota 2,0.9
233558010,Batman Arkham City GOTY,79
233558010,Deadpool,34
99189757,Team Fortress 2,1085
30695285,Counter-Strike Condition Zero,36
30695285,Counter-Strike,0.2
259648553,Mad Max,16.9
201069271,Dota 2,4.8
48845802,Counter-Strike,211
48845802,Mount & Blade Warband,78
48845802,Counter-Strike Condition Zero,60
48845802,Castle Crashers,31
48845802,Call of Duty Black Ops,11.3
48845802,Call of Duty Black Ops - Multiplayer,10
48845802,Tom Clancy's Ghost Recon Phantoms - EU,7.8
48845802,Left 4 Dead,1.1
48845802,SMITE,0.9
48845802,Ricochet,0.3
48845802,Kane & Lynch 2 Dog Days,0.2
226212066,Counter-Strike Global Offensive,94
226212066,Unturned,15
226212066,Garry's Mod,10.8
226212066,PAYDAY 2,6.7
226212066,Team Fortress 2,3.6
226212066,Infinite Crisis,2.4
226212066,AdVenture Capitalist,2.1
226212066,DiggerOnline,0.9
226212066,Survarium,0.7
226212066,Heroes & Generals,0.2
221430493,Dota 2,5.3
62923086,Counter-Strike,91
250006052,The Elder Scrolls V Skyrim,465
250006052,Project CARS,40
65117175,Defense Grid The Awakening,66
65117175,Broken Age,35
65117175,Cloud Chamber,22
65117175,Stacking,19.6
65117175,Ghostbusters The Video Game,16.3
65117175,Faerie Solitaire,14.7
65117175,Dreamfall Chapters,14.6
65117175,Portal Stories Mel,14.3
65117175,Universe Sandbox,13.3
65117175,Portal 2,11.3
65117175,Toki Tori,11.2
65117175,The Wonderful End of the World,10.5
65117175,Hacker Evolution,9.5
65117175,Portal,9.1
65117175,Thomas Was Alone,9
65117175,Little Inferno,8.9
65117175,BIT.TRIP RUNNER,8.6
65117175,The Stanley Parable,7.1
65117175,Costume Quest,7.1
65117175,RUSH,7.1
65117175,Return to Mysterious Island 2,5.9
65117175,World of Goo,5.9
65117175,Deus Ex Game of the Year Edition,5.6
65117175,Portal 2 - The Final Hours,5.6
65117175,AaAaAA!!! - A Reckless Disregard for Gravity,5.3
65117175,Audiosurf,5.2
65117175,Machinarium,5.1
65117175,VVVVVV,5.1
65117175,GEARCRACK Arena,4.7
65117175,Quantum Conundrum,4.3
65117175,Mission Control NanoMech,4.1
65117175,Defense Grid 2 A Matter of Endurance,4.1
65117175,Alan Wake's American Nightmare,3.7
65117175,Sam & Max 101 Culture Shock,3.7
65117175,Back to the Future Ep 2 - Get Tannen!,3.6
65117175,The Ball,3.6
65117175,Torchlight II,3.6
65117175,Back to the Future Ep 5 - OUTATIME,3.4
65117175,Amnesia The Dark Descent,3.3
65117175,Sam & Max 102 Situation Comedy,3.2
65117175,Jamestown,3.2
65117175,Oozi Earth Adventure,3.1
65117175,Back to the Future Ep 1 - It's About Time,2.9
65117175,Back to the Future Ep 4 - Double Visions,2.8
65117175,Organ Trail Director's Cut,2.7
65117175,Back to the Future Ep 3 - Citizen Brown,2.6
65117175,Fester Mudd Curse of the Gold - Episode 1,2.3
65117175,BIT.TRIP BEAT,2.2
65117175,Braid,2.2
65117175,A Virus Named TOM,2.1
65117175,FTL Faster Than Light,2
65117175,Atom Zombie Smasher ,2
65117175,Team Fortress 2,1.3
65117175,Super Meat Boy,1.2
65117175,1... 2... 3... KICK IT! (Drop That Beat Like an Ugly Baby),1.2
65117175,Bastion,1.1
65117175,Osmos,1
65117175,Cogs,1
65117175,Botanicula,0.9
65117175,Killing Floor,0.9
65117175,And Yet It Moves,0.8
65117175,NightSky,0.6
65117175,Ticket to Ride,0.5
65117175,Penumbra Overture,0.4
65117175,Dear Esther,0.3
65117175,Crayon Physics Deluxe,0.3
65117175,Lucid,0.2
65117175,Critical Mass,0.1
227944885,Dota 2,62
144004384,Dota 2,22
236557903,Team Fortress 2,2
236557903,S.K.I.L.L. - Special Force 2,0.9
236557903,BLOCKADE 3D,0.3
11373749,Team Fortress 2,762
11373749,Rocket League,348
11373749,Left 4 Dead 2,270
11373749,The Elder Scrolls V Skyrim,220
11373749,Audiosurf,113
11373749,Fallout 3 - Game of the Year Edition,105
11373749,The Elder Scrolls IV Oblivion ,99
11373749,Terraria,84
11373749,Assassin's Creed Brotherhood,62
11373749,Grand Theft Auto V,61
11373749,Saints Row 2,58
11373749,Grand Theft Auto Episodes from Liberty City,57
11373749,The Witcher Enhanced Edition,56
11373749,Super Meat Boy,46
11373749,Left 4 Dead,44
11373749,Saints Row The Third,44
11373749,Batman Arkham Origins,41
11373749,The Witcher 2 Assassins of Kings Enhanced Edition,39
11373749,The Elder Scrolls III Morrowind,38
11373749,Bookworm Adventures Deluxe,38
11373749,Star Wars Knights of the Old Republic,36
11373749,Watch_Dogs,32
11373749,Sleeping Dogs,31
11373749,GRID,31
11373749,Hidden Object Bundle 4 in 1,27
11373749,Darksiders,24
11373749,Worms Reloaded,23
11373749,FlatOut Ultimate Carnage,23
11373749,SimCity 4 Deluxe,23
11373749,Portal 2,22
11373749,Call of Duty Black Ops - Multiplayer,21
11373749,Rogue Legacy,21
11373749,Trine,21
11373749,Chivalry Medieval Warfare,19.9
11373749,Spelunky,19.8
11373749,Ghost Master,19.7
11373749,Peggle Deluxe,19.7
11373749,Alan Wake,19.5
11373749,Peggle Nights,19.5
11373749,Sherlock Holmes Nemesis,19.4
11373749,Puzzler World 2,19.1
11373749,Tomb Raider,18.3
11373749,Bejeweled 3,18.2
11373749,Half-Life 2,18.1
11373749,Alice Madness Returns,17.3
11373749,BioShock,17.1
11373749,The Book of Unwritten Tales,15.4
11373749,FEZ,15
11373749,The Movies,14.5
11373749,Guacamelee! Gold Edition,14.4
11373749,The Walking Dead,14
11373749,MacGuffin's Curse,13.8
11373749,The Testament of Sherlock Holmes,13.8
11373749,Bully Scholarship Edition,13.5
11373749,Indigo Prophecy,12.8
11373749,Just Cause 2,12.7
11373749,Crazy Machines 2,12.6
11373749,The Secret of Monkey Island Special Edition,12.4
11373749,Kingdoms of Amalur Reckoning,12.4
11373749,"Cook, Serve, Delicious!",11.6
11373749,Deponia The Complete Journey,11.3
11373749,Game Dev Tycoon,11.3
11373749,Prison Architect,11.2
11373749,Bastion,11.1
11373749,Call of Duty Modern Warfare 2,11
11373749,Tales of Monkey Island Chapter 1 - Launch of the Screaming Narwhal,10.7
11373749,DiRT 2,10.5
11373749,Worms Clan Wars,10.4
11373749,Ghostbusters The Video Game,10.1
11373749,Monkey Island 2 Special Edition,9.8
11373749,Vessel,9.7
11373749,Dishonored,9.7
11373749,4 Elements,9.4
11373749,Cryostasis,9.3
11373749,The Ball,9
11373749,TrackMania Stadium,8.8
11373749,Aura Fate of the Ages,8.4
11373749,Cave Story+,7.9
11373749,Scribblenauts Unlimited,7.8
11373749,Eets,7.8
11373749,Trials 2 Second Edition,7.7
11373749,Grim Legends The Forsaken Bride,7.7
11373749,Call of Duty Modern Warfare 2 - Multiplayer,7.7
11373749,Machinarium,7.6
11373749,Call of Duty Black Ops,7.5
11373749,Nightmares from the Deep 2 The Siren`s Call,7.4
11373749,Banished,7.2
11373749,Lara Croft and the Guardian of Light,7.2
11373749,Antichamber,7.2
11373749,Goat Simulator,7
11373749,Tales of Monkey Island Chapter 2 - The Siege of Spinner Cay ,7
11373749,The Jackbox Party Pack,7
11373749,Abyss The Wraiths of Eden,6.8
11373749,Anodyne,6.7
11373749,Tales of Monkey Island Chapter 3 - Lair of the Leviathan ,6.7
11373749,Penumbra Overture,6.6
11373749,Singularity,6.6
11373749,Osmos,6.5
11373749,The Maw,6.5
11373749,Psychonauts,6.1
11373749,Poker Night at the Inventory,5.9
11373749,Penumbra Black Plague,5.7
11373749,Sinister City,5.6
11373749,Puzzle Agent,5.6
11373749,S.T.A.L.K.E.R. Shadow of Chernobyl,5.5
11373749,Counter-Strike Global Offensive,5.5
11373749,Cargo! - The quest for gravity,5.4
11373749,Rocketbirds Hardboiled Chicken,5.3
11373749,Atom Zombie Smasher ,5.3
11373749,Nightmares from the Deep The Cursed Heart,5.3
11373749,"Papers, Please",5.2
11373749,Insanely Twisted Shadow Planet,5.1
11373749,Surgeon Simulator,4.9
11373749,Cities Skylines,4.7
11373749,Alchemy Mysteries Prague Legends,4.6
11373749,Clockwork Tales Of Glass and Ink,4.5
11373749,CID The Dummy,4.4
11373749,Tales of Monkey Island Chapter 4 - The Trial and Execution of Guybrush Threepwood ,4.4
11373749,Portal,4.4
11373749,Puzzle Agent 2,4.3
11373749,Torchlight II,4.2
11373749,9 Clues The Secret of Serpent Creek,4.2
11373749,The Tiny Bang Story,4.2
11373749,Braid,4.1
11373749,VVVVVV,4
11373749,And Yet It Moves,4
11373749,Broken Age,3.9
11373749,Wallace & Gromit Ep 1 Fright of the Bumblebees,3.8
11373749,Shoppe Keep,3.6
11373749,Gone Home,3.4
11373749,Windosill,3.4
11373749,Plants vs. Zombies Game of the Year,3.4
11373749,Sam & Max 105 Reality 2.0,3.3
11373749,Tales of Monkey Island Chapter 5 - Rise of the Pirate God,3.2
11373749,ibb & obb,3.2
11373749,Botanicula,3.2
11373749,Monaco,3.1
11373749,Obulis,2.9
11373749,Nidhogg,2.9
11373749,Sam & Max 106 Bright Side of the Moon,2.8
11373749,Alien Swarm,2.7
11373749,Chime,2.7
11373749,RollerCoaster Tycoon 3 Platinum!,2.6
11373749,Sam & Max 101 Culture Shock,2.6
11373749,Sam & Max 104 Abe Lincoln Must Die!,2.5
11373749,"Ben There, Dan That!",2.5
11373749,Hector Ep 1,2.4
11373749,Resident Evil 5 / Biohazard 5,2.4
11373749,Dungeon Defenders,2.3
11373749,The Wolf Among Us,2.3
11373749,Fate of the World,2.3
11373749,State of Decay,2.3
11373749,Dota 2,2.2
11373749,Contagion,2.1
11373749,Shatter,2
11373749,World of Goo,2
11373749,Toki Tori,1.9
11373749,The Beginner's Guide,1.9
11373749,Octodad Dadliest Catch,1.8
11373749,TRAUMA,1.8
11373749,Trials Evolution Gold Edition,1.5
11373749,Half-Life,1.5
11373749,"Sam & Max 103 The Mole, the Mob and the Meatball",1.5
11373749,Penumbra Requiem,1.5
11373749,Spectraball,1.5
11373749,Plain Sight,1.4
11373749,The Cave,1.4
11373749,Crayon Physics Deluxe,1.4
11373749,Sonic & All-Stars Racing Transformed,1.4
11373749,Just Cause 2 Multiplayer Mod,1.3
11373749,Garry's Mod,1.3
11373749,Blocks That Matter,1.1
11373749,"Time Gentlemen, Please!",1
11373749,Trine 2,1
11373749,F.E.A.R. 2 Project Origin,0.9
11373749,Dark Souls Prepare to Die Edition,0.9
11373749,Blur,0.9
11373749,YOU DON'T KNOW JACK Vol. 1 XL,0.8
11373749,Unturned,0.8
11373749,Port of Call,0.8
11373749,Magicka,0.7
11373749,The Stanley Parable,0.7
11373749,Sam & Max 102 Situation Comedy,0.7
11373749,LEGO Worlds,0.7
11373749,Zeno Clash,0.7
11373749,FORCED,0.6
11373749,Hydrophobia Prophecy,0.6
11373749,Gravilon,0.6
11373749,The Longest Journey,0.6
11373749,Shadow Puppeteer,0.6
11373749,The Path - Prologue,0.6
11373749,The Misadventures of P.B. Winterbottom,0.4
11373749,Vertiginous Golf,0.4
11373749,Counter-Strike Source,0.4
11373749,BattleBlock Theater,0.4
11373749,EDGE,0.4
11373749,Shank 2,0.3
11373749,Jolly Rover,0.3
11373749,Fallout New Vegas,0.3
11373749,Team Fortress Classic,0.3
11373749,Orcs Must Die!,0.3
11373749,Tomb Raider I,0.3
11373749,RUSH,0.2
11373749,Sid Meier's Civilization IV,0.1
140293612,Dota 2,278
187851224,Dota 2,240
192921532,Dota 2,6.9
192921532,Unturned,1.2
54103616,Counter-Strike Global Offensive,1028
54103616,Counter-Strike,1008
54103616,Left 4 Dead,148
54103616,The Sims(TM) 3,108
54103616,Team Fortress 2,72
54103616,H1Z1,36
54103616,The Elder Scrolls V Skyrim,35
54103616,Counter-Strike Source,32
54103616,Borderlands 2,21
54103616,PAYDAY The Heist,16
54103616,Left 4 Dead 2,15.8
54103616,Need for Speed Undercover,15.8
54103616,Battlefield Bad Company 2,8.6
54103616,EasyAntiCheat eSports,7.8
54103616,Portal 2,7.3
54103616,Dota 2,3.1
54103616,Alien Swarm,1.9
54103616,Terraria,1.7
54103616,Commandos 3 Destination Berlin,1.1
54103616,Age of Chivalry,0.6
54103616,Counter-Strike Condition Zero Deleted Scenes,0.4
222277839,Dota 2,86
298547051,SMITE,33
298547051,Team Fortress 2,3.3
298547051,Dota 2,0.3
264253640,Dota 2,142
264253640,War Inc. Battlezone,6.4
264253640,Labyronia RPG,5.9
264253640,Aftermath,4.9
264253640,Warframe,4.2
264253640,sZone-Online,1.9
264253640,Archeblade,1.9
264253640,Tom Clancy's Ghost Recon Phantoms - NA,1.1
264253640,Fishing Planet,0.9
264253640,Happy Wars,0.7
264253640,DiggerOnline,0.4
264253640,the static speaks my name,0.2
125718844,Dota 2,1.1
230599183,Dota 2,2.3
280061602,METAL GEAR SOLID V GROUND ZEROES,3
38763767,Counter-Strike,0.8
164543231,Garry's Mod,105
164543231,Team Fortress 2,30
164543231,No More Room in Hell,25
164543231,Unturned,14.9
164543231,Arma 2,10.9
164543231,Counter-Strike Global Offensive,7.4
164543231,Tactical Intervention,7.4
164543231,Robocraft,5.6
164543231,Saints Row The Third,3.4
164543231,Heroes & Generals,2
164543231,Dota 2,0.4
163617342,Dota 2,891
163617342,Counter-Strike Global Offensive,853
163617342,Heroes & Generals,3.3
163617342,Loadout,3.1
163617342,Fishing Planet,1.9
163617342,World of Guns Gun Disassembly,0.8
163617342,sZone-Online,0.8
163617342,Quake Live,0.2
163617342,Fractured Space,0.2
295931968,Team Fortress 2,6.6
165034415,Dota 2,3.6
298389371,Counter-Strike Global Offensive,231
298389371,H1Z1,6.6
27543430,F.E.A.R. 2 Project Origin,13.6
126640783,Dota 2,9.9
119410870,Team Fortress 2,4.5
243440565,Counter-Strike Nexon Zombies,42
243440565,Dota 2,0.5
157694162,Dota 2,2
154868247,Infinite Crisis,0.6
263856756,Grand Theft Auto V,499
124395695,Team Fortress 2,29
126656629,Dota 2,2.4
197821092,Dota 2,1.5
294797577,Dota 2,10.1
228507886,Dota 2,6.5
272425320,Nosgoth,5.4
49769103,Call of Duty Modern Warfare 2 - Multiplayer,153
49769103,Counter-Strike Source,63
49769103,Call of Duty Modern Warfare 2,26
49769103,Arma 2,22
49769103,Left 4 Dead 2,1.4
202742019,Sleeping Dogs,104
202742019,Mortal Kombat Komplete Edition,6.3
202742019,Call of Duty Advanced Warfare,1.5
239397807,Dota 2,0.4
300601393,Counter-Strike Global Offensive,13.4
300601393,Euro Truck Simulator 2,12
109278470,Counter-Strike Global Offensive,75
109278470,Half-Life 2 Episode Two,0.5
109278470,Team Fortress 2,0.5
197509386,Dota 2,550
92842632,Team Fortress 2,27
92842632,Dungeon Defenders,16.8
92842632,Chivalry Medieval Warfare,6.9
103973922,Empire Total War,303
103973922,Napoleon Total War,3.5
5270060,Counter-Strike Source,12.2
5270060,Battlefield Bad Company 2,2.9
5270060,Team Fortress 2,0.9
5270060,Pyroblazer,0.2
5270060,Counter-Strike,0.1
171847029,Counter-Strike Global Offensive,639
171847029,DayZ,479
171847029,Heroes & Generals,70
171847029,PAYDAY 2,65
171847029,Grand Theft Auto V,33
171847029,War Thunder,30
171847029,Arma 3,19.8
171847029,Just Cause,16.2
171847029,H1Z1,11.3
171847029,Arma 2 Operation Arrowhead,4.2
171847029,This War of Mine,3.9
171847029,Arma 2,2.3
171847029,Sniper Elite V2,1.7
171847029,Team Fortress 2,1
171847029,Rising Storm/Red Orchestra 2 Multiplayer,0.8
171847029,Just Cause 2 Multiplayer Mod,0.8
171847029,Arma 2 Private Military Company,0.7
171847029,Just Cause 2,0.7
171847029,Robocraft,0.5
171847029,Arma 2 Operation Arrowhead Beta (Obsolete),0.3
171847029,Arma Cold War Assault,0.3
111479516,Dota 2,865
64350600,Counter-Strike,271
64350600,Heroes & Generals,16.7
64350600,Unturned,10.7
64350600,Left 4 Dead 2,8.6
64350600,La Tale,8.4
64350600,Dota 2,2.4
64350600,Endless Sky,2
64350600,Amazing World,1.2
64350600,Hazard Ops,0.7
64350600,Codename CURE,0.3
64350600,Blacklight Retribution,0.3
64350600,Arma 2,0.2
64350600,Quake Live,0.2
117217039,Dota 2,60
93085014,R.U.S.E,60
93085014,Total War ROME II - Emperor Edition,31
93085014,Star Wars - Battlefront II,7
93085014,Stronghold 3,3
180331040,Dota 2,1256
180596443,PAYDAY The Heist,8.8
180596443,Pixel Puzzles Japan,8.8
180596443,Afterfall InSanity Extended Edition,2.6
180596443,Marvel Heroes 2015,1.5
180596443,Anomaly Warzone Earth,1.2
180596443,Woodle Tree Adventures,0.8
303032390,XCOM Enemy Unknown,110
150103338,Dota 2,1.9
92173524,Starpoint Gemini 2,1
92173524,Torchlight II,0.4
92173524,Dungeon Defenders,0.3
151229648,WAKFU,912
151229648,Starbound,153
151229648,DayZ,79
151229648,Mass Effect 2,29
151229648,Mass Effect,19.7
151229648,Clicker Heroes,13.3
151229648,H1Z1,12.3
151229648,PlanetSide 2,6.4
151229648,Marvel Heroes 2015,4.6
151229648,Left 4 Dead 2,2.7
151229648,PAYDAY The Heist,2.6
151229648,Batman Arkham City GOTY,2.3
151229648,S.K.I.L.L. - Special Force 2,1.6
151229648,Warface,1.4
151229648,Dirty Bomb,1
151229648,Nosgoth,0.9
151229648,Heroes & Generals,0.9
151229648,Dead Space,0.3
151229648,Survarium,0.3
151229648,Batman Arkham Asylum GOTY Edition,0.3
151229648,Borderlands,0.3
151229648,Injustice Gods Among Us Ultimate Edition,0.2
151229648,Path of Exile,0.2
253773352,Unturned,0.3
250870371,Dota 2,0.3
175143479,Dota 2,1.9
56038151,Marvel Puzzle Quest,128
56038151,Sid Meier's Civilization V,72
56038151,NARUTO SHIPPUDEN Ultimate Ninja STORM 3 Full Burst,59
56038151,Don't Starve,58
56038151,Batman Arkham City,46
56038151,The Sims(TM) Medieval,41
56038151,Bejeweled 3,41
56038151,EVE Online,35
56038151,Borderlands 2,21
56038151,Deus Ex Human Revolution,14.6
56038151,The Elder Scrolls V Skyrim,14.6
56038151,Batman Arkham Asylum GOTY Edition,14.5
56038151,Dead Island,12.9
56038151,Darksiders,7
56038151,BioShock Infinite,6.6
56038151,Tom Clancy's Splinter Cell Conviction,6.3
56038151,EDGE,5.8
56038151,The Walking Dead,5.7
56038151,DC Universe Online,3.8
56038151,RIFT,3.3
56038151,Don't Starve Together Beta,3.2
56038151,Darksiders II,3.1
56038151,Star Wars The Force Unleashed Ultimate Sith Edition,3
56038151,Command and Conquer 4 Tiberian Twilight,2.9
56038151,Trine 2,2.8
56038151,Universe Sandbox,2.8
56038151,Anno 2070,2.8
56038151,RAGE,2.7
56038151,Borderlands,2.5
56038151,LIMBO,2.2
56038151,SpaceChem,1.9
56038151,Transistor,1.8
56038151,Chessmaster,1.8
56038151,Age of Empires III Complete Collection,1.6
56038151,Injustice Gods Among Us Ultimate Edition,1.5
56038151,Transformers Fall of Cybertron,1.3
56038151,Audiosurf,1.2
56038151,Beat Hazard,1.2
56038151,Brtal Legend,1.1
56038151,Left 4 Dead,1
56038151,Might & Magic Heroes VI,0.9
56038151,"Warhammer 40,000 Dawn of War II",0.8
56038151,Portal 2,0.8
56038151,Star Wars The Clone Wars Republic Heroes,0.7
56038151,Prototype,0.7
56038151,Bastion,0.5
56038151,Left 4 Dead 2,0.5
56038151,Star Wars Jedi Knight Jedi Academy,0.5
56038151,DEFCON,0.4
56038151,Mark of the Ninja,0.4
56038151,Mirror's Edge,0.3
56038151,Dungeon Siege 2,0.3
56038151,"Warhammer 40,000 Space Marine",0.3
56038151,The Polynomial,0.3
56038151,Achron,0.3
56038151,Space Pirates and Zombies,0.3
56038151,Anomaly Warzone Earth,0.2
56038151,Star Wars Empire at War Gold,0.2
56038151,Halo Spartan Assault,0.2
56038151,Trapped Dead,0.2
56038151,Tom Clancy's H.A.W.X. 2,0.2
56038151,Super Meat Boy,0.2
124884511,Dota 2,1447
124884511,Unturned,0.3
148928721,Dota 2,2594
148928721,Counter-Strike Global Offensive,51
148928721,SMITE,51
148928721,Saints Row IV,14.8
148928721,Quake Live,3.4
148928721,Tactical Intervention,2.4
148928721,Archeblade,2.1
148928721,Team Fortress 2,1
148928721,PAYDAY The Heist,0.4
148928721,War Thunder,0.4
148928721,Forge,0.4
148928721,Free to Play,0.2
150965343,Dota 2,5.3
46759859,Counter-Strike Condition Zero,490
46759859,Counter-Strike,316
46759859,Day of Defeat,5.8
46759859,Counter-Strike Condition Zero Deleted Scenes,1
268158408,Unturned,5.7
257377008,Counter-Strike Global Offensive,27
257377008,Call of Duty Black Ops II - Multiplayer,4.4
257377008,Brick-Force,1.3
257377008,Call of Duty Black Ops II,0.3
133262375,Dota 2,290
202092286,Garry's Mod,7.6
136554467,Dota 2,101
136554467,Counter-Strike Global Offensive,63
185040259,Total War ROME II - Emperor Edition,4.5
287943546,Team Fortress 2,1.9
136246724,Dota 2,0.2
189191657,Robocraft,133
189191657,Unturned,21
189191657,Team Fortress 2,18.3
189191657,Heroes & Generals,4.4
189191657,Gear Up,4.3
189191657,Guns and Robots,3.6
57234698,Dota 2,2.6
57234698,Dead Island,1.2
57234698,Torchlight,0.9
57234698,Titan Quest Immortal Throne,0.8
57234698,Titan Quest,0.4
198201128,Middle-earth Shadow of Mordor,19.2
55446861,Counter-Strike Source,22
2428602,Dota 2,473
2428602,Counter-Strike,1.4
104077418,"Warhammer 40,000 Dawn of War II",2.2
252438345,No More Room in Hell,2.7
252438345,S.K.I.L.L. - Special Force 2,0.6
164927653,Dota 2,0.2
272820556,Sleeping Dogs,0.7
9544834,Counter-Strike,101
9544834,Half-Life Blue Shift,0.3
9544834,Half-Life 2 Deathmatch,0.3
287061478,ARK Survival Evolved,409
32592631,Call of Duty Modern Warfare 2 - Multiplayer,110
32592631,Call of Duty Black Ops - Multiplayer,74
32592631,Sniper Elite V2,20
32592631,Call of Duty Modern Warfare 3 - Multiplayer,18.6
32592631,Mafia II,16.8
32592631,Call of Duty Modern Warfare 2,16
32592631,Call of Duty Black Ops,13.5
32592631,Duke Nukem Forever,8.8
32592631,Call of Duty Modern Warfare 3,7
32592631,Sniper Ghost Warrior,2
57103808,Mount & Blade Warband,128
57103808,Company of Heroes,89
57103808,Empire Total War,83
57103808,Company of Heroes 2,65
57103808,XCOM Enemy Unknown,60
57103808,Terraria,59
57103808,Sins of a Solar Empire Rebellion,57
57103808,Sins of a Solar Empire Trinity,57
57103808,Total War ROME II - Emperor Edition,57
57103808,Battlefield 2,54
57103808,Arma 3,43
57103808,Men of War,39
57103808,War Thunder,36
57103808,Sid Meier's Civilization V,35
57103808,Wargame Red Dragon,28
57103808,Arma 2 Operation Arrowhead,28
57103808,Insurgency,27
57103808,Wargame European Escalation,27
57103808,Rising Storm/Red Orchestra 2 Multiplayer,27
57103808,America's Army 3,25
57103808,Heroes & Generals,19.4
57103808,Napoleon Total War,17.4
57103808,PlanetSide 2,16.6
57103808,Stronghold 3,14.7
57103808,Banished,13.3
57103808,Counter-Strike Source,13.2
57103808,Full Spectrum Warrior,12.9
57103808,FTL Faster Than Light,11.8
57103808,Garry's Mod,11.5
57103808,Insurgency Modern Infantry Combat,11.5
57103808,Company of Heroes Opposing Fronts,9.6
57103808,Robocraft,9.5
57103808,Killing Floor,8
57103808,Red Orchestra Ostfront 41-45,7.3
57103808,This War of Mine,6.6
57103808,Age of Empires III Complete Collection,6.2
57103808,DiRT Rally,5.6
57103808,Half-Life 2,5.2
57103808,Men of War Assault Squad 2,5
57103808,Counter-Strike Global Offensive,4.9
57103808,Command and Conquer 4 Tiberian Twilight,4.7
57103808,Command and Conquer Red Alert 3,3.9
57103808,Defiance,3.9
57103808,Darkest Hour Europe '44-'45,3.8
57103808,America's Army Proving Grounds,3.7
57103808,Arma 2,3.3
57103808,Full Spectrum Warrior Ten Hammers,2.6
57103808,Verdun,2.1
57103808,Sid Meier's Civilization IV,2
57103808,Portal,1.9
57103808,Team Fortress 2,1.8
57103808,No More Room in Hell,1.5
57103808,Don't Starve,1.2
57103808,Omerta - City of Gangsters,1.1
57103808,A Game of Thrones - Genesis,0.9
57103808,Stronghold HD,0.9
57103808,Mare Nostrum,0.7
57103808,The Ship Single Player,0.6
57103808,Company of Heroes Tales of Valor,0.4
57103808,Red Orchestra 2 Heroes of Stalingrad - Single Player,0.4
57103808,The Ship Tutorial,0.4
57103808,Tactical Intervention,0.3
57103808,Arma 2 DayZ Mod,0.2
57103808,Prison Architect,0.2
215578265,Dota 2,1.2
197172884,Unturned,0.4
242349023,Dota 2,56
99609673,Team Fortress 2,1
63276972,Prison Architect,100
63276972,Don't Starve,88
63276972,Sid Meier's Civilization V,79
63276972,Banished,72
63276972,Cities Skylines,39
63276972,Democracy 3,14.7
63276972,Rust,13.4
63276972,This War of Mine,12.8
63276972,Tropico 5,9.9
63276972,AdVenture Capitalist,5.4
63276972,Left 4 Dead 2,3.6
63276972,Half-Life 2,3.4
63276972,Surgeon Simulator,3.3
63276972,"Papers, Please",1.9
63276972,Portal,0.2
63276972,Life Is Strange,0.2
183005527,Dota 2,6.4
92342574,Call of Duty Modern Warfare 3,0.8
92342574,Call of Duty Modern Warfare 3 - Multiplayer,0.3
255168531,Lost Saga North America,3
87445402,Fallout 4,83
87445402,Risen 2 - Dark Waters,31
87445402,Hitman Absolution,16.9
87445402,Killing Floor 2,4.7
87445402,Spooky's House of Jump Scares,0.6
248613483,Primal Carnage Extinction,192
248613483,ARK Survival Evolved,139
248613483,Rocket League,39
248613483,Dino D-Day,8.7
248613483,theHunter,1.3
107948398,"Warhammer 40,000 Dawn of War  Dark Crusade",228
107948398,Age of Empires III Complete Collection,51
107948398,"Warhammer 40,000 Space Marine",37
84668956,Team Fortress 2,2.4
226130045,Neverwinter,8.7
145904806,Team Fortress 2,1.4
164591420,Team Fortress 2,2.6
171982044,Dota 2,1.6
187533357,Wargame European Escalation,2.6
94088853,The Elder Scrolls V Skyrim,320
94088853,Sid Meier's Civilization V,253
94088853,Banished,45
94088853,Far Cry 3,29
94088853,Age of Empires II HD Edition,27
94088853,RollerCoaster Tycoon 3 Platinum!,26
94088853,Reus,26
94088853,Borderlands 2,25
94088853,Need for Speed Hot Pursuit,23
94088853,DARK SOULS II Scholar of the First Sin,18
94088853,Unturned,16.8
94088853,Dota 2,15.6
94088853,Dungeon Defenders,14.3
94088853,ORION Prelude,13.5
94088853,The Forest,12.6
94088853,Terraria,11.2
94088853,Portal 2,8.1
94088853,Realm of the Mad God,7
94088853,FINAL FANTASY III,6.5
94088853,Goat Simulator,6.2
94088853,Mirror's Edge,5.4
94088853,Knights of Pen and Paper +1,5.1
94088853,FINAL FANTASY VII,3.8
94088853,Super Meat Boy,1.2
94088853,Dark Souls Prepare to Die Edition,0.6
94088853,Dead Space,0.3
94088853,Crysis 2 Maximum Edition,0.2
48058475,Counter-Strike Source,543
48058475,Half-Life 2 Deathmatch,81
48058475,DC Universe Online,77
48058475,Left 4 Dead,21
48058475,Alien Swarm,18.8
48058475,Duke Nukem Forever,18.6
48058475,Smashball,7.3
48058475,Portal,5.3
48058475,Day of Defeat Source,2.2
48058475,Half-Life 2 Lost Coast,0.7
170095814,AdVenture Capitalist,85
170095814,War Thunder,60
170095814,King's Quest,24
170095814,Tomb Raider,19.6
170095814,ArcheAge,11.7
170095814,School of Dragons How to Train Your Dragon,8
170095814,Dota 2,7
170095814,TERA,3.9
170095814,Neverwinter,1.9
170095814,Robocraft,1.6
170095814,Star Conflict,0.8
170095814,MechWarrior Online,0.8
170095814,Wind of Luck Arena,0.6
170095814,Firefall,0.3
170095814,Let the Cat In,0.2
212751581,Counter-Strike Global Offensive,432
212751581,Unturned,0.6
212751581,Echoes+,0.1
301883131,Dota 2,0.3
31887051,Football Manager 2013,145
116085629,The Elder Scrolls V Skyrim,80
106238372,Ys Origin,18.4
106238372,Mark of the Ninja,7.8
106238372,Dust An Elysian Tail,1.2
202395275,Dota 2,4.3
248444377,Garry's Mod,213
248444377,Counter-Strike Global Offensive,60
248444377,Synergy,4.8
248444377,Break Into Zatwor,0.3
248444377,Woodle Tree Adventures,0.1
248444377,Relic Hunters Zero,0.1
248444377,Two Worlds II,0.1
25941262,Counter-Strike Source,89
25941262,Counter-Strike,0.8
148510973,Mount & Blade Warband,1056
148510973,Counter-Strike Global Offensive,488
148510973,Team Fortress 2,75
148510973,The Elder Scrolls V Skyrim,73
148510973,Mount & Blade With Fire and Sword,50
148510973,Middle-earth Shadow of Mordor,22
148510973,Counter-Strike Nexon Zombies,8.9
148510973,Unturned,6
148510973,Assassin's Creed III,2.9
148510973,Left 4 Dead 2,2.4
148510973,Rust,1.5
148510973,Chivalry Medieval Warfare,1.4
148510973,Grand Theft Auto San Andreas,0.9
148510973,Rocket League,0.7
148510973,SpeedRunners,0.6
148510973,Portal 2,0.6
148510973,Mafia II,0.5
148510973,Terraria,0.3
64369759,Mass Effect,53
64369759,Assassin's Creed III,49
64369759,LEGO MARVEL Super Heroes,43
64369759,DC Universe Online,43
64369759,Batman Arkham Origins,32
64369759,Darksiders II,27
64369759,Transformers Fall of Cybertron,25
64369759,"Warhammer 40,000 Dawn of War II",23
64369759,Dota 2,19.6
64369759,Alan Wake,18.2
64369759,Darksiders,18.1
64369759,Tomb Raider,17.3
64369759,LEGO Batman 3 Beyond Gotham,16.7
64369759,Batman Arkham Asylum GOTY Edition,16.2
64369759,LEGO Batman 2,15.6
64369759,LEGO The Hobbit,15
64369759,Teenage Mutant Ninja Turtles Out of the Shadows,14.9
64369759,Borderlands,12.1
64369759,Marvel Heroes 2015,9.5
64369759,Borderlands 2,9.4
64369759,BioShock,9.3
64369759,LEGO Jurassic World,9.3
64369759,Lego Star Wars 3 The Clone Wars,8.6
64369759,"Warhammer 40,000 Dawn of War II - Chaos Rising",8.4
64369759,Batman Arkham City,8.2
64369759,Aliens vs. Predator,7.3
64369759,Castlevania Lords of Shadow - Ultimate Edition,5.7
64369759,Far Cry 3,4.9
64369759,DmC Devil May Cry,4.5
64369759,SimCity 4 Deluxe,3.6
64369759,The Witcher 2 Assassins of Kings Enhanced Edition,3.5
64369759,Sonic & All-Stars Racing Transformed,3.3
64369759,Portal,3.2
64369759,Of Orcs And Men,2.4
64369759,Torchlight,2.1
64369759,Need for Speed Hot Pursuit,1.9
64369759,Portal 2,1.9
64369759,Magic 2014 ,1.5
64369759,Gotham City Impostors,1.5
64369759,The Witcher Enhanced Edition,1.4
64369759,Trine,1.4
64369759,Infinite Crisis,1.2
64369759,"Warhammer 40,000 Space Marine",1.2
64369759,Sonic Generations,0.9
64369759,Tomb Raider Anniversary,0.8
64369759,SONIC THE HEDGEHOG 4 Episode II,0.8
64369759,FINAL FANTASY VII,0.5
64369759,Trine 2,0.4
64369759,LEGO Batman The Videogame,0.4
64369759,Tomb Raider Legend,0.4
64369759,SONIC THE HEDGEHOG 4 Episode I,0.3
64369759,BioShock 2,0.3
64369759,Ghostbusters The Video Game,0.2
64369759,Sonic Adventure DX,0.2
64369759,Sonic Adventure 2 ,0.2
64369759,Sonic and SEGA All Stars Racing,0.2
64369759,SEGA Genesis & Mega Drive Classics,0.1
289893544,Dota 2,4.8
223471406,Dota 2,2.7
210778610,Dota 2,5.7
125699277,DC Universe Online,57
173857208,Dota 2,0.6
9823354,Total War SHOGUN 2,243
9823354,Total War ROME II - Emperor Edition,218
9823354,Empire Total War,193
9823354,Sid Meier's Civilization V,153
9823354,The Elder Scrolls V Skyrim,143
9823354,The Witcher 2 Assassins of Kings Enhanced Edition,136
9823354,Medieval II Total War,86
9823354,The Witcher 3 Wild Hunt,83
9823354,Mass Effect,68
9823354,XCOM Enemy Unknown,65
9823354,Mass Effect 2,64
9823354,Fallout 3 - Game of the Year Edition,62
9823354,The Witcher Enhanced Edition,61
9823354,Galactic Civilizations III,55
9823354,The Elder Scrolls IV Oblivion ,42
9823354,Total War ATTILA,35
9823354,FTL Faster Than Light,32
9823354,Endless Legend,32
9823354,Dragon Age Origins - Ultimate Edition,31
9823354,Anno 2070,30
9823354,Prison Architect,28
9823354,BioShock,26
9823354,Batman Arkham City GOTY,26
9823354,Half-Life 2,24
9823354,Defense Grid The Awakening,24
9823354,Sins of a Solar Empire Rebellion,22
9823354,Far Cry 3,22
9823354,Sid Meier's Civilization IV Beyond the Sword,21
9823354,Sid Meier's Civilization IV,21
9823354,Franchise Hockey Manager 2014,21
9823354,Dark Messiah of Might & Magic Single Player,21
9823354,Company of Heroes 2,19.8
9823354,HAWKEN,19.7
9823354,Dishonored,19.7
9823354,R.U.S.E,19.1
9823354,Tomb Raider,19.1
9823354,Alien Isolation,18.8
9823354,Homeworld Remastered Collection,17.2
9823354,Portal 2,16.9
9823354,Wolfenstein The New Order,16.6
9823354,Dead Space,16.5
9823354,BioShock Infinite,15.6
9823354,State of Decay,15.2
9823354,Banished,15.2
9823354,Red Faction Guerrilla Steam Edition,14.8
9823354,Amnesia The Dark Descent,14.8
9823354,Metro Last Light,14
9823354,The Walking Dead,13.8
9823354,Half-Life 2 Episode Two,13.2
9823354,PlanetSide 2,13.1
9823354,Team Fortress 2,12.6
9823354,Crysis 2 Maximum Edition,12.5
9823354,Dead Space 2,12.5
9823354,Star Wars Knights of the Old Republic,12.1
9823354,South Park The Stick of Truth,12
9823354,Plague Inc Evolved,12
9823354,Crysis,11.4
9823354,Medieval II Total War Kingdoms,11.1
9823354,Need for Speed Hot Pursuit,11
9823354,Metro 2033,11
9823354,Game of Thrones - A Telltale Games Series,9.3
9823354,Outlast,9.2
9823354,Darwinia,9
9823354,Castle Crashers,9
9823354,Sins of a Solar Empire Trinity,8.9
9823354,Portal,8.2
9823354,Counter-Strike Source,7.9
9823354,F.E.A.R.,7.9
9823354,Deus Ex Human Revolution,7.4
9823354,Infested Planet,7.4
9823354,F.E.A.R. 2 Project Origin,7.2
9823354,RISK Factions,7.2
9823354,BioShock 2,7.2
9823354,Crusader Kings II,6.7
9823354,Half-Life Source,6.6
9823354,SpaceChem,6.5
9823354,Prey,5.4
9823354,Half-Life 2 Episode One,5.2
9823354,Amnesia A Machine for Pigs,4.9
9823354,Fate of the World,4.7
9823354,Alan Wake,4.6
9823354,F.E.A.R. 3,4
9823354,Audiosurf,3.8
9823354,ORION Prelude,3.5
9823354,Supreme Commander Forged Alliance,3.4
9823354,Ticket to Ride,3.3
9823354,Worms Reloaded,3.3
9823354,LIMBO,3.2
9823354,Left 4 Dead 2,2.7
9823354,Borderlands 2,2.2
9823354,Wings of Prey,2.2
9823354,Counter-Strike,2.2
9823354,Half-Life Blue Shift,2.1
9823354,Europa Universalis IV,2.1
9823354,Earth 2160,2.1
9823354,Wasteland 2 Director's Cut,1.8
9823354,Dead Island,1.8
9823354,Valiant Hearts The Great War / Soldats Inconnus  Mmoires de la Grande Guerre,1.7
9823354,Wargame AirLand Battle,1.6
9823354,The Forest,1.5
9823354,Transistor,1.4
9823354,Fallout New Vegas,1.4
9823354,Star Wars Empire at War Gold,1.2
9823354,Rising Storm/Red Orchestra 2 Multiplayer,1.2
9823354,DEFCON,1.1
9823354,X3 Reunion,1.1
9823354,Alien Swarm,1.1
9823354,Counter-Strike Condition Zero Deleted Scenes,1.1
9823354,Penumbra Black Plague,1.1
9823354,Mirror's Edge,1
9823354,The Stanley Parable,1
9823354,PAYDAY 2,0.9
9823354,L.A. Noire,0.8
9823354,The Long Dark,0.7
9823354,"Papers, Please",0.7
9823354,Alien Breed 2 Assault,0.6
9823354,Assassin's Creed II,0.6
9823354,Planetary Annihilation,0.6
9823354,Among the Sleep,0.5
9823354,SiN Episodes Emergence,0.5
9823354,Cities Skylines,0.4
9823354,Half-Life 2 Lost Coast,0.4
9823354,Panzer Corps,0.3
9823354,3DMark,0.3
9823354,F.E.A.R. Perseus Mandate,0.2
9823354,Day of Defeat Source,0.2
9823354,Team Fortress Classic,0.1
9823354,Half-Life 2 Deathmatch,0.1
9823354,Space Empires IV Deluxe,0.1
165269326,Dota 2,26
226033921,Grand Theft Auto V,86
226033921,Marvel Heroes 2015,6.1
226033921,Dota 2,1.8
226033921,Navy Field 2  Conqueror of the Ocean,0.1
232064401,Dota 2,4.5
141593973,Dota 2,423
174965596,Dota 2,6.6
100519466,Arma 3,2484
100519466,Garry's Mod,188
100519466,ARK Survival Evolved,183
100519466,Arma 2 Operation Arrowhead,147
100519466,Saints Row The Third,114
100519466,Space Engineers,83
100519466,Robocraft,73
100519466,Team Fortress 2,36
100519466,Sniper Ghost Warrior,32
100519466,PAYDAY 2,30
100519466,Euro Truck Simulator 2,29
100519466,Farming Simulator 15,25
100519466,Sniper Ghost Warrior 2,24
100519466,BLOCKADE 3D,19.4
100519466,HAWKEN,17.7
100519466,Borderlands 2,15.6
100519466,Portal 2,15
100519466,Dishonored,14.8
100519466,Rocket League,9.7
100519466,Dead Island,6.9
100519466,Rise of Nations Extended Edition,6.7
100519466,Warframe,6.6
100519466,Sid Meier's Civilization Beyond Earth,5.3
100519466,Don't Starve,3.6
100519466,The Elder Scrolls V Skyrim,3.5
100519466,PlanetSide 2,3.4
100519466,Need for Speed SHIFT,1.8
100519466,War Thunder,1.6
100519466,APB Reloaded,1.4
100519466,SpeedRunners,1.2
100519466,Arma 2,0.8
100519466,Saints Row IV,0.6
100519466,Toribash,0.4
100519466,Tactical Intervention,0.3
107886872,Left 4 Dead 2,27
107886872,Trine 2,2.8
153415214,Dota 2,0.2
180789959,Borderlands 2,14.8
180789959,The Elder Scrolls V Skyrim,5
180789959,Team Fortress 2,3.5
236541446,Dota 2,0.2
155997063,Team Fortress 2,3
168031436,Fallout New Vegas,60
168031436,The Elder Scrolls V Skyrim,14.1
168031436,Saints Row The Third,12.5
168031436,Tom Clancy's Ghost Recon Phantoms - NA,9
168031436,Fallout 3 - Game of the Year Edition,7.3
168031436,Garry's Mod,4.8
168031436,Fable - The Lost Chapters,3.2
168031436,Metro 2033,3
168031436,Sang-Froid - Tales of Werewolves,0.7
168031436,The Elder Scrolls III Morrowind,0.5
168031436,Spiral Knights,0.5
168031436,Grand Theft Auto San Andreas,0.5
168031436,Fallout,0.4
168031436,Rust,0.4
168031436,Thief Gold,0.4
168031436,Thief Deadly Shadows,0.3
169358223,Team Fortress 2,407
181269219,Soldier Front 2,3.4
181269219,Magicka Wizard Wars,2.6
162543176,Counter-Strike Global Offensive,21
162543176,Garry's Mod,20
162543176,Team Fortress 2,11.5
162543176,Borderlands 2,2
162543176,Saints Row 2,0.5
162543176,Just Cause 2,0.3
95898619,Counter-Strike Source,396
95898619,Counter-Strike Global Offensive,227
95898619,Hitman 2 Silent Assassin,13.4
95898619,Counter-Strike Condition Zero,12.6
95898619,Insurgency Modern Infantry Combat,11.2
95898619,Dead Island,10.1
95898619,Counter-Strike,2.4
185685666,theHunter,0.7
185685666,Unturned,0.6
185685666,Robocraft,0.2
308280913,Dota 2,2.3
69857045,Mafia II,21
215492239,Unturned,6.2
16167221,Counter-Strike Condition Zero,722
16167221,Fable III,105
16167221,Robin Hood,39
16167221,Counter-Strike,35
16167221,Dark Messiah of Might & Magic Single Player,21
16167221,The Forest,19.7
16167221,Total War ROME II - Emperor Edition,15.9
16167221,Half-Life 2,13
16167221,Desperados - Wanted Dead or Alive,11
16167221,Oddworld Abe's Exoddus,10
16167221,Half-Life 2 Episode One,7
16167221,Hitman 2 Silent Assassin,4.7
16167221,Counter-Strike Condition Zero Deleted Scenes,2.8
16167221,Team Fortress 2,2.1
16167221,Portal,1.9
16167221,Dark Messiah of Might & Magic Multi-Player,1.3
16167221,Warframe,1.3
16167221,Oddworld Abe's Oddysee,1.1
16167221,Half-Life 2 Episode Two,1
16167221,Neverwinter,0.7
16167221,Half-Life 2 Lost Coast,0.6
16167221,Anno 1404 Venice,0.4
16167221,The Escapists,0.3
16167221,Source Filmmaker,0.1
16167221,Little Big Adventure 2,0.1
19586574,Dragon Nest,48
19586574,Counter-Strike,38
19586574,Portal 2,25
19586574,From Dust,16.9
19586574,South Park The Stick of Truth,14.5
19586574,Garry's Mod,12.2
19586574,Counter-Strike Global Offensive,11.4
19586574,Dynasty Warriors 8 - Empires,11
19586574,Left 4 Dead 2,6.9
19586574,DRAGON BALL XENOVERSE,5.2
19586574,LIMBO,3.5
19586574,Dota 2,3.3
19586574,Counter-Strike Condition Zero,3.3
19586574,SpaceChem,2.3
19586574,RollerCoaster Tycoon Deluxe,2
19586574,Plague Inc Evolved,1.4
19586574,WAKFU,0.7
19586574,Counter-Strike Condition Zero Deleted Scenes,0.6
19586574,Vindictus,0.3
19586574,Subspace Continuum,0.2
200759485,Counter-Strike,5.1
200759485,Dota 2,0.4
82792088,Football Manager 2011,63
153290864,Team Fortress 2,0.8
213909719,The Binding of Isaac,67
219446813,Dota 2,210
41883322,The Elder Scrolls V Skyrim,107
41883322,Middle-earth Shadow of Mordor,64
41883322,King Arthur II - The Role-playing Wargame,37
41883322,Batman Arkham City GOTY,36
41883322,Dishonored (RU),33
41883322,Total War SHOGUN 2,24
41883322,Darksiders II,21
41883322,Lords Of The Fallen,20
41883322,"Warhammer 40,000 Dawn of War II  Retribution",20
41883322,"Warhammer 40,000 Space Marine",16.2
41883322,Aliens vs. Predator,11.2
41883322,Mars War Logs,10
41883322,Mortal Kombat Komplete Edition,7.3
41883322,Space Hulk,4.6
41883322,Call of Duty Ghosts,4.2
41883322,Aliens Colonial Marines,3.4
41883322,Viking Battle for Asgard,2.9
41883322,The Lord of the Rings War in the North,2.8
41883322,Marvel Heroes 2015,0.8
41883322,Confrontation,0.8
41883322,Horizon,0.7
41883322,Lost Planet Extreme Condition,0.2
260269555,Dota 2,3.2
186333740,Dota 2,6.6
237047627,BLOCKADE 3D,0.7
142004534,Dota 2,94
99017037,Far Cry 3,143
99017037,Jagged Alliance - Back in Action,91
99017037,Torchlight II,44
170491009,Terraria,286
170491009,Team Fortress 2,197
170491009,Garry's Mod,55
170491009,The Elder Scrolls V Skyrim,48
170491009,Far Cry 3,34
170491009,Borderlands 2,31
170491009,Turbo Dismount,31
170491009,ARK Survival Evolved,31
170491009,Rocket League,14.4
170491009,Warframe,14.1
170491009,Cubic Castles,6.8
170491009,Far Cry 4,6.5
170491009,Call of Duty Black Ops III,4.8
170491009,BattleBlock Theater,4.6
170491009,Kerbal Space Program,4.4
170491009,Robocraft,4.2
170491009,The Mighty Quest For Epic Loot,3.4
170491009,Double Action Boogaloo,0.1
195459356,Arma 2 Operation Arrowhead,0.5
30280104,Counter-Strike Source,3.3
30280104,Half-Life 2 Deathmatch,2
30280104,Dota 2,1.5
227153589,Dota 2,1.2
64365339,Call of Duty Modern Warfare 2 - Multiplayer,80
64365339,Call of Duty Modern Warfare 2,24
64365339,Portal,14
103669953,Portal 2,4.7
103669953,Kentucky Route Zero,0.9
103669953,LIMBO,0.7
299670894,Euro Truck Simulator 2,3.9
237275985,Counter-Strike Global Offensive,46
178709401,Dota 2,200
198156213,Dota 2,17
190231757,The Elder Scrolls V Skyrim,18
76216184,Magic The Gathering - Duels of the Planeswalkers,7.3
96674283,Commandos 2 Men of Courage,0.4
212284721,Dota 2,0.9
20321898,Counter-Strike Source,1
48239695,Sid Meier's Civilization V,312
48239695,Fallout New Vegas,98
48239695,Half-Life 2,22
48239695,Half-Life 2 Episode Two,7.2
48239695,Half-Life 2 Episode One,5.6
48239695,Portal,0.2
207216516,Nobunaga's Ambition Souzou with Power Up Kit,229
201512283,Dota 2,0.4
293463755,Europa Universalis IV,8.9
293463755,Anno 2070,4.5
293463755,Tropico 5,2.4
293463755,Age of Empires III Complete Collection,0.1
131227694,Counter-Strike Global Offensive,90
131227694,Borderlands 2,29
131227694,Rocket League,28
131227694,Call of Juarez Gunslinger,14.8
131227694,Transistor,5.2
131227694,Brtal Legend,4.3
131227694,Mark of the Ninja,3.4
131227694,Dota 2,2
131227694,Magicka Wizard Wars,1.1
131227694,Blood Bowl Legendary Edition,0.6
131227694,Magicka,0.6
131227694,"Warhammer 40,000 Dawn of War II",0.3
201697182,Counter-Strike Global Offensive,76
150751526,Dota 2,374
150751526,DARK SOULS II,191
150751526,Counter-Strike Global Offensive,53
150751526,Saints Row The Third,48
150751526,Unturned,46
150751526,Garry's Mod,46
150751526,Warframe,17.2
150751526,Neverwinter,16.4
150751526,Sniper Elite V2,12.9
150751526,Ace of Spades,7.9
150751526,Heroes & Generals,7.6
150751526,War Thunder,7.5
150751526,Stronghold Kingdoms,5.9
150751526,The Binding of Isaac,5.7
150751526,Alien Swarm,5
150751526,Team Fortress 2,5
150751526,Castle Crashers,4
150751526,Robocraft,3.9
150751526,Serious Sam HD The Second Encounter,3.7
150751526,theHunter,3.3
150751526,Magicka Wizard Wars,2.9
150751526,War of the Roses,2.3
150751526,FreeStyle2 Street Basketball,2
150751526,Quake Live,1.9
150751526,Portal 2,1.6
150751526,No More Room in Hell,1.5
150751526,Chivalry Medieval Warfare,1.4
150751526,Counter-Strike Nexon Zombies,1.4
150751526,AirMech,0.8
150751526,Moonbase Alpha,0.6
150751526,Aberoth,0.6
150751526,Fishing Planet,0.4
150751526,Enclave,0.4
150751526,Two Worlds Epic Edition,0.4
150751526,TDP4Team Battle,0.4
150751526,Realm of the Mad God,0.4
150751526,Cry of Fear,0.4
150751526,BIT.TRIP RUNNER,0.3
150751526,Tom Clancy's Ghost Recon Phantoms - EU,0.3
150751526,Deepworld,0.2
150751526,Double Action Boogaloo,0.2
150751526,Age of Chivalry,0.2
150751526,Dwarfs F2P,0.2
150751526,Codename Gordon,0.2
150751526,S.K.I.L.L. - Special Force 2,0.2
150751526,Woodle Tree Adventures,0.2
150751526,Dungeonland,0.2
150751526,Nosgoth,0.1
150751526,DiggerOnline,0.1
241208825,Dota 2,331
249165768,Counter-Strike Global Offensive,622
249165768,Dota 2,59
249165768,Battlefield Bad Company 2,4
249165768,Killing Floor,4
249165768,Counter-Strike Source,2.9
249165768,F.E.A.R. Online,2.2
249165768,Defy Gravity,1.8
124462762,Empire Total War,2.4
124462762,Call of Juarez Gunslinger,1.8
124462762,King Arthur - The Role-playing Wargame,0.6
239478937,Unturned,0.6
83851086,Team Fortress 2,0.8
145658798,Dota 2,1.7
210669058,Dota 2,1.4
130280718,Team Fortress 2,68
130280718,AirMech,23
130280718,Counter-Strike Global Offensive,16.5
130280718,Garry's Mod,16.2
130280718,PAYDAY 2,11.7
130280718,Scribblenauts Unlimited,11.4
130280718,Dota 2,9.8
130280718,Unturned,7.1
130280718,Robocraft,4.4
130280718,Starbound,4
130280718,Verdun,3.9
130280718,The Mighty Quest For Epic Loot,2.5
130280718,ARK Survival Evolved,1.4
130280718,RaceRoom Racing Experience ,0.5
130280718,WARMODE,0.3
81569401,Counter-Strike,891
186996848,Dota 2,2.8
108601099,Empire Total War,293
108560573,Sniper Elite V2,24
108560573,Sniper Ghost Warrior,22
108560573,Sniper Ghost Warrior 2,21
108560573,Spiral Knights,7.6
108560573,Empire Total War,4.8
108560573,The Walking Dead,4.4
89161051,Gotham City Impostors Free To Play,317
287706524,Dota 2,0.1
65716118,Call of Duty Modern Warfare 2 - Multiplayer,427
65716118,Counter-Strike Source,107
65716118,Call of Duty Black Ops - Multiplayer,65
65716118,Total War ROME II - Emperor Edition,57
65716118,Counter-Strike Global Offensive,44
65716118,Hitman Absolution,30
65716118,The Elder Scrolls V Skyrim,22
65716118,Alien Swarm,22
65716118,Call of Duty Modern Warfare 2,16
65716118,Call of Duty Black Ops,15.2
65716118,Hitman Sniper Challenge,11.2
65716118,Tom Clancy's Rainbow Six 3 Gold Edition,8
65716118,Rome Total War,7.7
65716118,Napoleon Total War,4.6
65716118,Arma 3,3.2
65716118,Sniper Ghost Warrior,2
65716118,Half-Life 2 Deathmatch,1.5
65716118,Rome Total War - Alexander,1
65716118,Half-Life 2 Lost Coast,0.3
65716118,Besiege,0.3
65716118,Day of Defeat Source,0.1
144004666,Dota 2,4.6
58237510,Football Manager 2012,1191
58237510,Football Manager 2015,646
58237510,Football Manager 2011,315
58237510,Call of Duty Modern Warfare 2 - Multiplayer,52
58237510,Grand Theft Auto IV,9.4
58237510,Call of Duty Modern Warfare 2,6
113308351,Sid Meier's Civilization V,14.1
303326013,Garry's Mod,29
303326013,WARMODE,0.2
154210162,Dota 2,780
146463817,Dota 2,12.2
303693006,Dota 2,6.9
98152188,The Elder Scrolls V Skyrim,643
231450817,Dota 2,9.9
162649407,The Elder Scrolls V Skyrim,403
162649407,Mafia II,23
162649407,Counter-Strike,0.6
162649407,Counter-Strike Condition Zero Deleted Scenes,0.5
162649407,Counter-Strike Condition Zero,0.5
229467150,Dota 2,24
246892835,Unturned,2.3
246892835,Team Fortress 2,0.3
246892835,Time Clickers,0.2
288856904,Dota 2,1.8
75228114,Call of Duty Black Ops - Multiplayer,201
75228114,Call of Duty Black Ops,12.8
36553207,Counter-Strike Source,956
70165453,F1 2012,64
70165453,Homefront,4.5
143693450,Dota 2,2.9
139955299,Dota 2,91
136021775,DayZ,283
136021775,Rust,149
136021775,Neverwinter,140
136021775,Garry's Mod,19.6
136021775,Counter-Strike Global Offensive,15.9
136021775,Arma 3,15.3
136021775,Happy Wars,14.4
136021775,Dead Island Epidemic,10
136021775,The Stomping Land,8.4
136021775,Team Fortress 2,1.8
136021775,Magicka,1
136021775,Arma 2 Operation Arrowhead,1
136021775,Arma 2 DayZ Mod,0.5
136021775,Arma 2,0.2
136021775,ARK Survival Evolved,0.2
136021775,Arma 2 Operation Arrowhead Beta (Obsolete),0.1
39446138,Portal 2,19.1
39446138,LIMBO,3.8
39446138,Goat Simulator,1.4
39446138,Braid,0.3
211404615,Team Fortress 2,0.4
215540943,Terraria,67
215540943,Counter-Strike Global Offensive,18
215540943,Left 4 Dead 2,6.3
215540943,Warframe,2.6
215540943,Borderlands 2,1.3
215540943,Team Fortress 2,1
215540943,Dirty Bomb,0.7
215540943,Urizen Shadows of the Cold,0.1
81743539,Endless Space,9.3
81743539,Team Fortress 2,4.7
81743539,Half-Life,2.9
81743539,Portal,1.6
81743539,Call of Duty Black Ops,0.5
128790593,The Elder Scrolls V Skyrim,46
128790593,Shoot Many Robots,19
128790593,Chivalry Medieval Warfare,16.9
128790593,Borderlands 2,11.2
128790593,Counter-Strike Global Offensive,9.4
128790593,South Park The Stick of Truth,8.7
128790593,Star Wars Empire at War Gold,5.5
128790593,Counter-Strike Nexon Zombies,2.8
128790593,Sniper Elite V2,2.2
128790593,Team Fortress 2,2.1
128790593,Dota 2,1.3
128790593,DC Universe Online,1.3
128790593,Magicka,1.2
128790593,Trine,1.2
128790593,Trine 2,0.2
198346312,Kerbal Space Program,58
198346312,Borderlands 2,42
198346312,Borderlands,42
198346312,PAYDAY The Heist,29
198346312,Sid Meier's Civilization V,20
198346312,LEGO The Lord of the Rings,17.1
198346312,Terraria,14.3
198346312,ARK Survival Evolved,11
198346312,Dragon Age Origins,10
198346312,Age of Empires II HD Edition,9.1
198346312,Space Engineers,8.2
198346312,Tomb Raider,8.1
198346312,Borderlands The Pre-Sequel,7
198346312,Tomb Raider Underworld,6.8
198346312,Portal,3.5
198346312,Besiege,3.1
198346312,PAYDAY 2,0.8
198346312,Dead Space 2,0.4
155182551,Dota 2,4228
169218314,Dota 2,61
252016836,Dota 2,27
124777563,Team Fortress 2,2.1
217268143,Dota 2,6.6
88919723,Football Manager 2011,26
26802825,Dark Messiah of Might & Magic Multi-Player,21
26802825,Prince of Persia The Forgotten Sands,13.8
26802825,Dark Messiah of Might & Magic Single Player,10.2
26802825,Left 4 Dead,3.9
26802825,Saints Row The Third,3.5
26802825,F.E.A.R. 3,2.8
26802825,F.E.A.R. 2 Project Origin,2.2
26802825,Plague Inc Evolved,1.3
26802825,Borderlands,0.8
26802825,Burnout Paradise The Ultimate Box,0.7
26802825,The Witcher Enhanced Edition,0.5
26802825,Ghost Master,0.4
26802825,LEGO The Lord of the Rings,0.3
26802825,Hydrophobia Prophecy,0.3
27117407,Nosgoth,53
27117407,Counter-Strike Source,9.4
27117407,Counter-Strike Global Offensive,8.2
27117407,Team Fortress 2,5
27117407,Dirty Bomb,2.7
78332414,Dota 2,998
78332414,Elite Dangerous,213
78332414,Total War ROME II - Emperor Edition,129
78332414,Magicka Wizard Wars,78
78332414,Neverwinter,78
78332414,Galactic Civilizations III,70
78332414,Heroes & Generals,69
78332414,War of the Roses,60
78332414,StarDrive 2,41
78332414,Stronghold Kingdoms,37
78332414,Rising Storm/Red Orchestra 2 Multiplayer,33
78332414,Total War SHOGUN 2,27
78332414,Total War Battles KINGDOM,4.3
78332414,Eden Star  Destroy - Build - Protect,4.1
78332414,Project AURA,3.5
78332414,Squad,3.3
78332414,Fractured Space,2
78332414,Kerbal Space Program,1.9
78332414,HAWKEN,1.3
78332414,Lords of the Black Sun,1.1
78332414,Mitos.is The Game,0.8
78332414,Company of Heroes (New Steam Version),0.6
78332414,Offworld Trading Company,0.5
78332414,Counter-Strike Global Offensive,0.4
78332414,Navy Field 2  Conqueror of the Ocean,0.4
78332414,Age of Chivalry,0.2
78332414,RIFT,0.1
291151096,BLOCKADE 3D,41
130201800,ARK Survival Evolved,341
130201800,The Elder Scrolls V Skyrim,313
130201800,Unturned,35
130201800,Batman Arkham Origins,14.3
130201800,PlanetSide 2,13.7
130201800,Team Fortress 2,10.5
130201800,Creativerse,10.3
130201800,Trove,3
130201800,Dota 2,2.1
130201800,Teeworlds,2.1
88585138,Portal,4.2
88585138,Team Fortress 2,0.4
154671192,Fuse,2
139352395,Dota 2,13.2
143459727,Dota 2,310
143459727,Warframe,157
143459727,Robocraft,19.4
143459727,theHunter,3.5
143459727,Heroes & Generals,1.7
143459727,Team Fortress 2,0.6
143459727,Unturned,0.4
42681063,Football Manager 2013,291
42681063,Football Manager 2015,245
42681063,Football Manager 2014,201
42681063,Football Manager 2012,172
42681063,Football Manager 2016,35
42681063,Mafia II,14.4
42681063,Football Manager 2009,3
169337011,HAWKEN,0.4
260118401,LEGO Worlds,9.5
260118401,Five Nights at Freddy's,4.5
260118401,Mitos.is The Game,4
260118401,Five Nights at Freddy's 3,1.1
260118401,Five Nights at Freddy's 2,1.1
260118401,Aftermath,0.7
260118401,Five Nights at Freddy's 4,0.2
201445671,Counter-Strike Global Offensive,5.2
24932641,Half-Life 2,11.6
24932641,Half-Life Source,1.2
193987636,Unturned,5.1
193987636,No More Room in Hell,2.3
193987636,A.V.A - Alliance of Valiant Arms,1.4
193987636,Tom Clancy's Ghost Recon Phantoms - EU,0.8
193987636,Velvet Sundown,0.7
193987636,Counter-Strike Nexon Zombies,0.4
242549338,Euro Truck Simulator 2,105
242549338,Arma 2,1.1
242549338,Autobahn Police Simulator,0.8
242549338,Test Drive Unlimited 2,0.2
209729995,Dota 2,1.2
71082079,Sid Meier's Civilization IV,51
71082079,The Elder Scrolls V Skyrim,33
71082079,Stronghold HD,1.5
71082079,The Lord of the Rings Online,0.5
212521878,Dota 2,0.7
166705920,Dota 2,697
228302915,Euro Truck Simulator 2,20
228302915,Counter-Strike Global Offensive,6.9
228302915,Tom Clancy's Ghost Recon Phantoms - EU,4.7
228302915,Dota 2,1.7
64315060,Alien Swarm,0.3
246056879,Dota 2,3.4
154406815,Dota 2,8.9
141037251,Dota 2,3.3
